병원명,소재지,병원연락처,출장진료,진료대상 동물
언양동물병원,울산광역시 울주군 언양읍 헌양길 95-1,052-262-5411,불가,소
제일동물병원,울산광역시 울주군 삼남면 중평로 79,052-262-4888,가능,소
벧엘동물병원,울산광역시 울주군 두동면 봉계리 510-4(봉계공설시장 203호) ,052-262-6797,불가,소
대동동물병원,울산광역시 울주군 언양읍 동부8길 19-6,052-262-1076,불가,소
울산축협동물병원,"울산광역시 울주군 언양읍 읍성로 20, 나동 1층",052-264-6708,불가,소
통일동물병원,울산광역시 울주군 청량읍 덕하장터길 7 ,052-268-9074,불가,소
범서조은동물병원,울산광역시 울주군 범서읍 천상중앙길 49 ,052-248-7582,불가,반려동물
원동물병원,울산광역시 울주군 언양읍 동부6길 7,052-264-7872,가능,소
초록동물병원,울산광역시 울주군 삼남읍 상평강변길 3,052-262-6114,불가,반려동물
온양 발리동물병원,울산광역시 울주군 온양읍 보곡3길 40,052-239-7585,불가,반려동물
와우동물병원,울산광역시 울주군 언양읍 읍성로 135,052-225-0075,불가,반려동물
서울산 동물병원,울산광역시 울주군 삼남읍 중남로 72,,불가,반려동물
남창미르동물병원,울산광역시 울주군 온양읍 대운길 12,052-238-7511,불가,반려동물
BB동물병원,울산광역시 울주군 범서읍 점촌6길 5,052-211-7599,불가,반려동물
MK동물병원,울산광역시 울주군 온산읍 덕신로 250,,불가,반려동물
박동물병원,울산광역시 울주군 언양읍 언양길 68,,가능,소
중산동물병원,"울산광역시 울주군 삼남읍 향교로 164,울산교동리슈빌아파트 상가 2층 202호",,가능,소
박지호동물병원,"울산광역시 울주군 삼남읍 하방로 27, 3층",,가능,소
라인동물병원,"울산광역시 울주군 삼남읍 중남로 72, 3층",,가능,소
